{
  "name": "cb+sampler+randaug",
  "stem": "level3_cb_sampler_randaug",
  "loss": "cb",
  "sampler": "weather",
  "aug": "randaug",
  "best_val_avg_mf1": 0.7099537128560319,
  "best_epoch": 19,
  "final_val_avg_mf1": 0.7099537128560319,
  "final_per_mf1": {
    "weather": 0.613478674064569,
    "scene": 0.6926289032499654,
    "timeofday": 0.8237535612535613
  },
  "prf": {
    "weather": {
      "class": [
        "clear",
        "overcast",
        "rainy",
        "snowy",
        "foggy",
        "partly cloudy"
      ],
      "precision": [
        0.9044368600682594,
        0.5675675675675675,
        0.7857142857142857,
        0.9117647058823529,
        0.0,
        0.6140350877192983
      ],
      "recall": [
        0.8833333333333333,
        0.84,
        0.66,
        0.62,
        0.0,
        0.7
      ],
      "f1": [
        0.893760539629005,
        0.6774193548387096,
        0.717391304347826,
        0.7380952380952381,
        0.0,
        0.6542056074766355
      ],
      "support": [
        300,
        50,
        50,
        50,
        0,
        50
      ]
    },
    "scene": {
      "class": [
        "city street",
        "highway",
        "residential"
      ],
      "precision": [
        0.8133333333333334,
        0.7348484848484849,
        0.5
      ],
      "recall": [
        0.7973856209150327,
        0.6879432624113475,
        0.6415094339622641
      ],
      "f1": [
        0.8052805280528053,
        0.7106227106227107,
        0.5619834710743802
      ],
      "support": [
        306,
        141,
        53
      ]
    },
    "timeofday": {
      "class": [
        "daytime",
        "night",
        "dawn/dusk"
      ],
      "precision": [
        0.9621848739495799,
        0.9703389830508474,
        0.5384615384615384
      ],
      "recall": [
        0.9462809917355371,
        0.9870689655172413,
        0.5384615384615384
      ],
      "f1": [
        0.9541666666666667,
        0.9786324786324786,
        0.5384615384615384
      ],
      "support": [
        242,
        232,
        26
      ]
    }
  },
  "last_epoch_avg_mf1": 0.6921694003589911
}