{
  "name": "setA_only",
  "n_extra": 0,
  "train_n": 5000,
  "best_val_avg_mf1": 0.718936400784425,
  "final_val_avg_mf1": 0.7007405117791357,
  "final_per_mf1": {
    "weather": 0.5898994844664315,
    "scene": 0.7093769900154672,
    "timeofday": 0.8029450608555085
  },
  "prf": {
    "weather": {
      "class": [
        "clear",
        "overcast",
        "rainy",
        "snowy",
        "foggy",
        "partly cloudy"
      ],
      "precision": [
        0.8511904761904762,
        0.6,
        0.7878787878787878,
        0.9642857142857143,
        0.0,
        0.7209302325581395
      ],
      "recall": [
        0.9533333333333334,
        0.72,
        0.52,
        0.54,
        0.0,
        0.62
      ],
      "f1": [
        0.89937106918239,
        0.6545454545454545,
        0.6265060240963856,
        0.6923076923076923,
        0.0,
        0.6666666666666666
      ],
      "support": [
        300,
        50,
        50,
        50,
        0,
        50
      ]
    },
    "scene": {
      "class": [
        "city street",
        "highway",
        "residential"
      ],
      "precision": [
        0.7855072463768116,
        0.7699115044247787,
        0.6904761904761905
      ],
      "recall": [
        0.8856209150326797,
        0.6170212765957447,
        0.5471698113207547
      ],
      "f1": [
        0.8325652841781874,
        0.6850393700787402,
        0.6105263157894737
      ],
      "support": [
        306,
        141,
        53
      ]
    },
    "timeofday": {
      "class": [
        "daytime",
        "night",
        "dawn/dusk"
      ],
      "precision": [
        0.9539748953974896,
        0.9704641350210971,
        0.5
      ],
      "recall": [
        0.9421487603305785,
        0.9913793103448276,
        0.46153846153846156
      ],
      "f1": [
        0.9480249480249481,
        0.9808102345415778,
        0.48
      ],
      "support": [
        242,
        232,
        26
      ]
    }
  }
}