{
  "name": "focal",
  "stem": "level3_focal",
  "loss": "focal",
  "sampler": null,
  "aug": "basic",
  "best_val_avg_mf1": 0.7171212299517703,
  "best_epoch": 19,
  "final_val_avg_mf1": 0.7171212299517703,
  "final_per_mf1": {
    "weather": 0.6016394348685133,
    "scene": 0.7184769919062282,
    "timeofday": 0.8312472630805697
  },
  "prf": {
    "weather": {
      "class": [
        "clear",
        "overcast",
        "rainy",
        "snowy",
        "foggy",
        "partly cloudy"
      ],
      "precision": [
        0.8425655976676385,
        0.6545454545454545,
        0.9,
        0.9310344827586207,
        0.0,
        0.7209302325581395
      ],
      "recall": [
        0.9633333333333334,
        0.72,
        0.54,
        0.54,
        0.0,
        0.62
      ],
      "f1": [
        0.8989113530326595,
        0.6857142857142857,
        0.675,
        0.6835443037974683,
        0.0,
        0.6666666666666666
      ],
      "support": [
        300,
        50,
        50,
        50,
        0,
        50
      ]
    },
    "scene": {
      "class": [
        "city street",
        "highway",
        "residential"
      ],
      "precision": [
        0.7890173410404624,
        0.7583333333333333,
        0.7941176470588235
      ],
      "recall": [
        0.8921568627450981,
        0.6453900709219859,
        0.5094339622641509
      ],
      "f1": [
        0.8374233128834356,
        0.6973180076628352,
        0.6206896551724138
      ],
      "support": [
        306,
        141,
        53
      ]
    },
    "timeofday": {
      "class": [
        "daytime",
        "night",
        "dawn/dusk"
      ],
      "precision": [
        0.9510204081632653,
        0.9663865546218487,
        0.7058823529411765
      ],
      "recall": [
        0.9628099173553719,
        0.9913793103448276,
        0.46153846153846156
      ],
      "f1": [
        0.9568788501026694,
        0.9787234042553191,
        0.5581395348837209
      ],
      "support": [
        242,
        232,
        26
      ]
    }
  },
  "last_epoch_avg_mf1": 0.699148025775577
}