{
  "name": "wce",
  "stem": "level3_wce",
  "loss": "wce",
  "sampler": null,
  "aug": "basic",
  "best_val_avg_mf1": 0.7189586352855795,
  "best_epoch": 6,
  "final_val_avg_mf1": 0.7189586352855795,
  "final_per_mf1": {
    "weather": 0.6281245579571327,
    "scene": 0.6807691204608495,
    "timeofday": 0.8479822274387564
  },
  "prf": {
    "weather": {
      "class": [
        "clear",
        "overcast",
        "rainy",
        "snowy",
        "foggy",
        "partly cloudy"
      ],
      "precision": [
        0.8691588785046729,
        0.7254901960784313,
        0.7857142857142857,
        0.8205128205128205,
        0.0,
        0.723404255319149
      ],
      "recall": [
        0.93,
        0.74,
        0.66,
        0.64,
        0.0,
        0.68
      ],
      "f1": [
        0.8985507246376812,
        0.7326732673267327,
        0.717391304347826,
        0.7191011235955056,
        0.0,
        0.7010309278350515
      ],
      "support": [
        300,
        50,
        50,
        50,
        0,
        50
      ]
    },
    "scene": {
      "class": [
        "city street",
        "highway",
        "residential"
      ],
      "precision": [
        0.8302583025830258,
        0.7092198581560284,
        0.4431818181818182
      ],
      "recall": [
        0.7352941176470589,
        0.7092198581560284,
        0.7358490566037735
      ],
      "f1": [
        0.779896013864818,
        0.7092198581560284,
        0.5531914893617021
      ],
      "support": [
        306,
        141,
        53
      ]
    },
    "timeofday": {
      "class": [
        "daytime",
        "night",
        "dawn/dusk"
      ],
      "precision": [
        0.9662447257383966,
        0.9785407725321889,
        0.5666666666666667
      ],
      "recall": [
        0.9462809917355371,
        0.9827586206896551,
        0.6538461538461539
      ],
      "f1": [
        0.9561586638830898,
        0.9806451612903225,
        0.6071428571428571
      ],
      "support": [
        242,
        232,
        26
      ]
    }
  },
  "last_epoch_avg_mf1": 0.7093331800177989
}