{
  "name": "focal+sampler",
  "stem": "level3_focal_sampler",
  "loss": "focal",
  "sampler": "weather",
  "aug": "basic",
  "best_val_avg_mf1": 0.7235988026499816,
  "best_epoch": 20,
  "final_val_avg_mf1": 0.7235988026499816,
  "final_per_mf1": {
    "weather": 0.6061997309298492,
    "scene": 0.7180976791310458,
    "timeofday": 0.8464989978890496
  },
  "prf": {
    "weather": {
      "class": [
        "clear",
        "overcast",
        "rainy",
        "snowy",
        "foggy",
        "partly cloudy"
      ],
      "precision": [
        0.8504398826979472,
        0.6349206349206349,
        0.8787878787878788,
        0.9,
        0.0,
        0.8181818181818182
      ],
      "recall": [
        0.9666666666666667,
        0.8,
        0.58,
        0.54,
        0.0,
        0.54
      ],
      "f1": [
        0.9048361934477379,
        0.7079646017699115,
        0.6987951807228916,
        0.675,
        0.0,
        0.6506024096385542
      ],
      "support": [
        300,
        50,
        50,
        50,
        0,
        50
      ]
    },
    "scene": {
      "class": [
        "city street",
        "highway",
        "residential"
      ],
      "precision": [
        0.7940298507462686,
        0.7480314960629921,
        0.7368421052631579
      ],
      "recall": [
        0.869281045751634,
        0.6737588652482269,
        0.5283018867924528
      ],
      "f1": [
        0.8299531981279251,
        0.7089552238805971,
        0.6153846153846154
      ],
      "support": [
        306,
        141,
        53
      ]
    },
    "timeofday": {
      "class": [
        "daytime",
        "night",
        "dawn/dusk"
      ],
      "precision": [
        0.9586776859504132,
        0.9746835443037974,
        0.6666666666666666
      ],
      "recall": [
        0.9586776859504132,
        0.9956896551724138,
        0.5384615384615384
      ],
      "f1": [
        0.9586776859504132,
        0.9850746268656716,
        0.5957446808510638
      ],
      "support": [
        242,
        232,
        26
      ]
    }
  },
  "last_epoch_avg_mf1": 0.7092129631158751
}