{
  "name": "baseline",
  "stem": "level3_baseline",
  "loss": "plain",
  "sampler": null,
  "aug": "basic",
  "best_val_avg_mf1": 0.7249311311157068,
  "best_epoch": 5,
  "final_val_avg_mf1": 0.7249311311157068,
  "final_per_mf1": {
    "weather": 0.624000270573316,
    "scene": 0.7042941248847546,
    "timeofday": 0.8464989978890496
  },
  "prf": {
    "weather": {
      "class": [
        "clear",
        "overcast",
        "rainy",
        "snowy",
        "foggy",
        "partly cloudy"
      ],
      "precision": [
        0.8507462686567164,
        0.7727272727272727,
        0.8235294117647058,
        0.8571428571428571,
        0.0,
        0.7111111111111111
      ],
      "recall": [
        0.95,
        0.68,
        0.56,
        0.72,
        0.0,
        0.64
      ],
      "f1": [
        0.8976377952755905,
        0.723404255319149,
        0.6666666666666666,
        0.782608695652174,
        0.0,
        0.6736842105263158
      ],
      "support": [
        300,
        50,
        50,
        50,
        0,
        50
      ]
    },
    "scene": {
      "class": [
        "city street",
        "highway",
        "residential"
      ],
      "precision": [
        0.7888563049853372,
        0.768595041322314,
        0.6842105263157895
      ],
      "recall": [
        0.8790849673202614,
        0.6595744680851063,
        0.49056603773584906
      ],
      "f1": [
        0.8315301391035549,
        0.7099236641221374,
        0.5714285714285714
      ],
      "support": [
        306,
        141,
        53
      ]
    },
    "timeofday": {
      "class": [
        "daytime",
        "night",
        "dawn/dusk"
      ],
      "precision": [
        0.9586776859504132,
        0.9746835443037974,
        0.6666666666666666
      ],
      "recall": [
        0.9586776859504132,
        0.9956896551724138,
        0.5384615384615384
      ],
      "f1": [
        0.9586776859504132,
        0.9850746268656716,
        0.5957446808510638
      ],
      "support": [
        242,
        232,
        26
      ]
    }
  },
  "last_epoch_avg_mf1": 0.7016702762184092
}