{
  "name": "perattr+sampler+randaug",
  "stem": "level3_perattr_sampler_randaug",
  "loss": "perattr",
  "sampler": "weather",
  "aug": "randaug",
  "best_val_avg_mf1": 0.7125628535814773,
  "best_epoch": 19,
  "final_val_avg_mf1": 0.7125628535814773,
  "final_per_mf1": {
    "weather": 0.5845032288941175,
    "scene": 0.7060479295261904,
    "timeofday": 0.8471374023241243
  },
  "prf": {
    "weather": {
      "class": [
        "clear",
        "overcast",
        "rainy",
        "snowy",
        "foggy",
        "partly cloudy"
      ],
      "precision": [
        0.8761904761904762,
        0.5492957746478874,
        0.7647058823529411,
        0.8620689655172413,
        0.0,
        0.7058823529411765
      ],
      "recall": [
        0.92,
        0.78,
        0.52,
        0.5,
        0.0,
        0.72
      ],
      "f1": [
        0.8975609756097561,
        0.6446280991735537,
        0.6190476190476191,
        0.6329113924050633,
        0.0,
        0.7128712871287128
      ],
      "support": [
        300,
        50,
        50,
        50,
        0,
        50
      ]
    },
    "scene": {
      "class": [
        "city street",
        "highway",
        "residential"
      ],
      "precision": [
        0.8401486988847584,
        0.6766467065868264,
        0.546875
      ],
      "recall": [
        0.738562091503268,
        0.8014184397163121,
        0.660377358490566
      ],
      "f1": [
        0.7860869565217391,
        0.7337662337662337,
        0.5982905982905983
      ],
      "support": [
        306,
        141,
        53
      ]
    },
    "timeofday": {
      "class": [
        "daytime",
        "night",
        "dawn/dusk"
      ],
      "precision": [
        0.9625,
        0.9745762711864406,
        0.625
      ],
      "recall": [
        0.9545454545454546,
        0.9913793103448276,
        0.5769230769230769
      ],
      "f1": [
        0.9585062240663901,
        0.9829059829059829,
        0.6
      ],
      "support": [
        242,
        232,
        26
      ]
    }
  },
  "last_epoch_avg_mf1": 0.7061502030108061
}