{
  "name": "picks",
  "n_extra": 1000,
  "train_n": 6000,
  "best_val_avg_mf1": 0.7324692995491313,
  "best_epoch": 20,
  "final_val_avg_mf1": 0.7246761323856025,
  "final_per_mf1": {
    "weather": 0.6285799197955256,
    "scene": 0.7190743953901849,
    "timeofday": 0.8263740819710969
  },
  "prf": {
    "weather": {
      "class": [
        "clear",
        "overcast",
        "rainy",
        "snowy",
        "foggy",
        "partly cloudy"
      ],
      "precision": [
        0.8696969696969697,
        0.6428571428571429,
        0.8205128205128205,
        0.9090909090909091,
        0.0,
        0.8095238095238095
      ],
      "recall": [
        0.9566666666666667,
        0.72,
        0.64,
        0.6,
        0.0,
        0.68
      ],
      "f1": [
        0.9111111111111111,
        0.6792452830188679,
        0.7191011235955056,
        0.7228915662650602,
        0.0,
        0.7391304347826086
      ],
      "support": [
        300,
        50,
        50,
        50,
        0,
        50
      ]
    },
    "scene": {
      "class": [
        "city street",
        "highway",
        "residential"
      ],
      "precision": [
        0.808641975308642,
        0.776,
        0.6078431372549019
      ],
      "recall": [
        0.8562091503267973,
        0.6879432624113475,
        0.5849056603773585
      ],
      "f1": [
        0.8317460317460318,
        0.7293233082706767,
        0.5961538461538461
      ],
      "support": [
        306,
        141,
        53
      ]
    },
    "timeofday": {
      "class": [
        "daytime",
        "night",
        "dawn/dusk"
      ],
      "precision": [
        0.9543568464730291,
        0.9746835443037974,
        0.5909090909090909
      ],
      "recall": [
        0.9504132231404959,
        0.9956896551724138,
        0.5
      ],
      "f1": [
        0.9523809523809523,
        0.9850746268656716,
        0.5416666666666666
      ],
      "support": [
        242,
        232,
        26
      ]
    }
  }
}