{
  "name": "random",
  "n_extra": 1000,
  "train_n": 6000,
  "best_val_avg_mf1": 0.7379137513639522,
  "final_val_avg_mf1": 0.7082486502073578,
  "final_per_mf1": {
    "weather": 0.6055046449317031,
    "scene": 0.7008205065932426,
    "timeofday": 0.8184207990971276
  },
  "prf": {
    "weather": {
      "class": [
        "clear",
        "overcast",
        "rainy",
        "snowy",
        "foggy",
        "partly cloudy"
      ],
      "precision": [
        0.8545454545454545,
        0.578125,
        0.8857142857142857,
        0.9090909090909091,
        0.0,
        0.7368421052631579
      ],
      "recall": [
        0.94,
        0.74,
        0.62,
        0.6,
        0.0,
        0.56
      ],
      "f1": [
        0.8952380952380953,
        0.6491228070175439,
        0.7294117647058823,
        0.7228915662650602,
        0.0,
        0.6363636363636364
      ],
      "support": [
        300,
        50,
        50,
        50,
        0,
        50
      ]
    },
    "scene": {
      "class": [
        "city street",
        "highway",
        "residential"
      ],
      "precision": [
        0.782608695652174,
        0.7704918032786885,
        0.7272727272727273
      ],
      "recall": [
        0.8823529411764706,
        0.6666666666666666,
        0.4528301886792453
      ],
      "f1": [
        0.8294930875576036,
        0.714828897338403,
        0.5581395348837209
      ],
      "support": [
        306,
        141,
        53
      ]
    },
    "timeofday": {
      "class": [
        "daytime",
        "night",
        "dawn/dusk"
      ],
      "precision": [
        0.9467213114754098,
        0.9745762711864406,
        0.6
      ],
      "recall": [
        0.9545454545454546,
        0.9913793103448276,
        0.46153846153846156
      ],
      "f1": [
        0.9506172839506173,
        0.9829059829059829,
        0.5217391304347826
      ],
      "support": [
        242,
        232,
        26
      ]
    }
  }
}