{
  "name": "picks_250",
  "n_extra": 250,
  "train_n": 5250,
  "best_val_avg_mf1": 0.7240050537314238,
  "final_val_avg_mf1": 0.7237341830710533,
  "final_per_mf1": {
    "weather": 0.6307074329165473,
    "scene": 0.7221195547752829,
    "timeofday": 0.8183755615213298
  },
  "prf": {
    "weather": {
      "class": [
        "clear",
        "overcast",
        "rainy",
        "snowy",
        "foggy",
        "partly cloudy"
      ],
      "precision": [
        0.8597014925373134,
        0.6440677966101694,
        0.8611111111111112,
        0.9375,
        0.0,
        0.8421052631578947
      ],
      "recall": [
        0.96,
        0.76,
        0.62,
        0.6,
        0.0,
        0.64
      ],
      "f1": [
        0.9070866141732283,
        0.6972477064220184,
        0.7209302325581395,
        0.7317073170731707,
        0.0,
        0.7272727272727273
      ],
      "support": [
        300,
        50,
        50,
        50,
        0,
        50
      ]
    },
    "scene": {
      "class": [
        "city street",
        "highway",
        "residential"
      ],
      "precision": [
        0.8018018018018018,
        0.7642276422764228,
        0.6818181818181818
      ],
      "recall": [
        0.8725490196078431,
        0.6666666666666666,
        0.5660377358490566
      ],
      "f1": [
        0.8356807511737089,
        0.7121212121212122,
        0.6185567010309279
      ],
      "support": [
        306,
        141,
        53
      ]
    },
    "timeofday": {
      "class": [
        "daytime",
        "night",
        "dawn/dusk"
      ],
      "precision": [
        0.9506172839506173,
        0.9704641350210971,
        0.6
      ],
      "recall": [
        0.9545454545454546,
        0.9913793103448276,
        0.46153846153846156
      ],
      "f1": [
        0.9525773195876288,
        0.9808102345415778,
        0.5217391304347826
      ],
      "support": [
        242,
        232,
        26
      ]
    }
  }
}