{
  "name": "mixup-cutmix",
  "stem": "level3_mixup_cutmix",
  "loss": "plain",
  "sampler": null,
  "aug": "mix",
  "best_val_avg_mf1": 0.7300707781013086,
  "best_epoch": 9,
  "final_val_avg_mf1": 0.7300707781013086,
  "final_per_mf1": {
    "weather": 0.6309165475076003,
    "scene": 0.6918701127477723,
    "timeofday": 0.8674256740485532
  },
  "prf": {
    "weather": {
      "class": [
        "clear",
        "overcast",
        "rainy",
        "snowy",
        "foggy",
        "partly cloudy"
      ],
      "precision": [
        0.8658536585365854,
        0.6842105263157895,
        0.7857142857142857,
        0.9666666666666667,
        0.0,
        0.7674418604651163
      ],
      "recall": [
        0.9466666666666667,
        0.78,
        0.66,
        0.58,
        0.0,
        0.66
      ],
      "f1": [
        0.9044585987261147,
        0.7289719626168224,
        0.717391304347826,
        0.725,
        0.0,
        0.7096774193548387
      ],
      "support": [
        300,
        50,
        50,
        50,
        0,
        50
      ]
    },
    "scene": {
      "class": [
        "city street",
        "highway",
        "residential"
      ],
      "precision": [
        0.8083832335329342,
        0.7446808510638298,
        0.76
      ],
      "recall": [
        0.8823529411764706,
        0.7446808510638298,
        0.3584905660377358
      ],
      "f1": [
        0.84375,
        0.7446808510638298,
        0.48717948717948717
      ],
      "support": [
        306,
        141,
        53
      ]
    },
    "timeofday": {
      "class": [
        "daytime",
        "night",
        "dawn/dusk"
      ],
      "precision": [
        0.9591836734693877,
        0.9787234042553191,
        0.75
      ],
      "recall": [
        0.9710743801652892,
        0.9913793103448276,
        0.5769230769230769
      ],
      "f1": [
        0.9650924024640657,
        0.9850107066381156,
        0.6521739130434783
      ],
      "support": [
        242,
        232,
        26
      ]
    }
  },
  "last_epoch_avg_mf1": 0.7073539578511063
}