{
  "name": "cb",
  "stem": "level3_cb",
  "loss": "cb",
  "sampler": null,
  "aug": "basic",
  "best_val_avg_mf1": 0.7161254981713494,
  "best_epoch": 10,
  "final_val_avg_mf1": 0.7161254981713494,
  "final_per_mf1": {
    "weather": 0.6126893425379014,
    "scene": 0.6898944611190783,
    "timeofday": 0.8457926908570687
  },
  "prf": {
    "weather": {
      "class": [
        "clear",
        "overcast",
        "rainy",
        "snowy",
        "foggy",
        "partly cloudy"
      ],
      "precision": [
        0.9115646258503401,
        0.603448275862069,
        0.8461538461538461,
        0.7857142857142857,
        0.0,
        0.582089552238806
      ],
      "recall": [
        0.8933333333333333,
        0.7,
        0.66,
        0.66,
        0.0,
        0.78
      ],
      "f1": [
        0.9023569023569024,
        0.6481481481481481,
        0.7415730337078652,
        0.717391304347826,
        0.0,
        0.6666666666666666
      ],
      "support": [
        300,
        50,
        50,
        50,
        0,
        50
      ]
    },
    "scene": {
      "class": [
        "city street",
        "highway",
        "residential"
      ],
      "precision": [
        0.8051948051948052,
        0.723404255319149,
        0.5490196078431373
      ],
      "recall": [
        0.8104575163398693,
        0.723404255319149,
        0.5283018867924528
      ],
      "f1": [
        0.8078175895765473,
        0.723404255319149,
        0.5384615384615384
      ],
      "support": [
        306,
        141,
        53
      ]
    },
    "timeofday": {
      "class": [
        "daytime",
        "night",
        "dawn/dusk"
      ],
      "precision": [
        0.9545454545454546,
        0.9786324786324786,
        0.625
      ],
      "recall": [
        0.9545454545454546,
        0.9870689655172413,
        0.5769230769230769
      ],
      "f1": [
        0.9545454545454546,
        0.9828326180257511,
        0.6
      ],
      "support": [
        242,
        232,
        26
      ]
    }
  },
  "last_epoch_avg_mf1": 0.7081910698060296
}