{
  "name": "sampler-weather",
  "stem": "level3_sampler_weather",
  "loss": "plain",
  "sampler": "weather",
  "aug": "basic",
  "best_val_avg_mf1": 0.7064741794864905,
  "best_epoch": 1,
  "final_val_avg_mf1": 0.7064741794864905,
  "final_per_mf1": {
    "weather": 0.6239337194224429,
    "scene": 0.6786958767727999,
    "timeofday": 0.8167929422642285
  },
  "prf": {
    "weather": {
      "class": [
        "clear",
        "overcast",
        "rainy",
        "snowy",
        "foggy",
        "partly cloudy"
      ],
      "precision": [
        0.9236363636363636,
        0.6176470588235294,
        0.75,
        0.639344262295082,
        0.0,
        0.7272727272727273
      ],
      "recall": [
        0.8466666666666667,
        0.84,
        0.78,
        0.78,
        0.0,
        0.64
      ],
      "f1": [
        0.8834782608695653,
        0.711864406779661,
        0.7647058823529411,
        0.7027027027027027,
        0.0,
        0.6808510638297872
      ],
      "support": [
        300,
        50,
        50,
        50,
        0,
        50
      ]
    },
    "scene": {
      "class": [
        "city street",
        "highway",
        "residential"
      ],
      "precision": [
        0.7648648648648648,
        0.8181818181818182,
        0.7096774193548387
      ],
      "recall": [
        0.9248366013071896,
        0.574468085106383,
        0.41509433962264153
      ],
      "f1": [
        0.8372781065088757,
        0.675,
        0.5238095238095238
      ],
      "support": [
        306,
        141,
        53
      ]
    },
    "timeofday": {
      "class": [
        "daytime",
        "night",
        "dawn/dusk"
      ],
      "precision": [
        0.9606986899563319,
        0.9828326180257511,
        0.4473684210526316
      ],
      "recall": [
        0.9090909090909091,
        0.9870689655172413,
        0.6538461538461539
      ],
      "f1": [
        0.9341825902335457,
        0.9849462365591398,
        0.53125
      ],
      "support": [
        242,
        232,
        26
      ]
    }
  },
  "last_epoch_avg_mf1": 0.6929602897587787
}