{
  "name": "randaug",
  "stem": "level3_randaug",
  "loss": "plain",
  "sampler": null,
  "aug": "randaug",
  "best_val_avg_mf1": 0.7255640352663842,
  "best_epoch": 22,
  "final_val_avg_mf1": 0.7255640352663842,
  "final_per_mf1": {
    "weather": 0.6116967364459258,
    "scene": 0.708242098669608,
    "timeofday": 0.856753270683619
  },
  "prf": {
    "weather": {
      "class": [
        "clear",
        "overcast",
        "rainy",
        "snowy",
        "foggy",
        "partly cloudy"
      ],
      "precision": [
        0.8614457831325302,
        0.6,
        0.8484848484848485,
        0.9655172413793104,
        0.0,
        0.7804878048780488
      ],
      "recall": [
        0.9533333333333334,
        0.78,
        0.56,
        0.56,
        0.0,
        0.64
      ],
      "f1": [
        0.9050632911392406,
        0.6782608695652174,
        0.6746987951807228,
        0.7088607594936709,
        0.0,
        0.7032967032967034
      ],
      "support": [
        300,
        50,
        50,
        50,
        0,
        50
      ]
    },
    "scene": {
      "class": [
        "city street",
        "highway",
        "residential"
      ],
      "precision": [
        0.7904191616766467,
        0.7421875,
        0.7105263157894737
      ],
      "recall": [
        0.8627450980392157,
        0.6737588652482269,
        0.5094339622641509
      ],
      "f1": [
        0.825,
        0.7063197026022305,
        0.5934065934065934
      ],
      "support": [
        306,
        141,
        53
      ]
    },
    "timeofday": {
      "class": [
        "daytime",
        "night",
        "dawn/dusk"
      ],
      "precision": [
        0.9590163934426229,
        0.9746835443037974,
        0.7368421052631579
      ],
      "recall": [
        0.9669421487603306,
        0.9956896551724138,
        0.5384615384615384
      ],
      "f1": [
        0.9629629629629629,
        0.9850746268656716,
        0.6222222222222222
      ],
      "support": [
        242,
        232,
        26
      ]
    }
  },
  "last_epoch_avg_mf1": 0.7156047656080379
}