{
  "name": "ldam",
  "stem": "level3_ldam",
  "loss": "ldam",
  "sampler": null,
  "aug": "basic",
  "best_val_avg_mf1": 0.7199601367556605,
  "best_epoch": 23,
  "final_val_avg_mf1": 0.7199601367556605,
  "final_per_mf1": {
    "weather": 0.5884018919000352,
    "scene": 0.7095874408609354,
    "timeofday": 0.8618910775060109
  },
  "prf": {
    "weather": {
      "class": [
        "clear",
        "overcast",
        "rainy",
        "snowy",
        "foggy",
        "partly cloudy"
      ],
      "precision": [
        0.8427299703264095,
        0.6346153846153846,
        0.8055555555555556,
        0.8888888888888888,
        0.0,
        0.7083333333333334
      ],
      "recall": [
        0.9466666666666667,
        0.66,
        0.58,
        0.48,
        0.0,
        0.68
      ],
      "f1": [
        0.8916797488226059,
        0.6470588235294118,
        0.6744186046511628,
        0.6233766233766234,
        0.0,
        0.6938775510204082
      ],
      "support": [
        300,
        50,
        50,
        50,
        0,
        50
      ]
    },
    "scene": {
      "class": [
        "city street",
        "highway",
        "residential"
      ],
      "precision": [
        0.7940298507462686,
        0.7615384615384615,
        0.7142857142857143
      ],
      "recall": [
        0.869281045751634,
        0.7021276595744681,
        0.4716981132075472
      ],
      "f1": [
        0.8299531981279251,
        0.7306273062730627,
        0.5681818181818182
      ],
      "support": [
        306,
        141,
        53
      ]
    },
    "timeofday": {
      "class": [
        "daytime",
        "night",
        "dawn/dusk"
      ],
      "precision": [
        0.9626556016597511,
        0.9787234042553191,
        0.6666666666666666
      ],
      "recall": [
        0.9586776859504132,
        0.9913793103448276,
        0.6153846153846154
      ],
      "f1": [
        0.9606625258799172,
        0.9850107066381156,
        0.64
      ],
      "support": [
        242,
        232,
        26
      ]
    }
  },
  "last_epoch_avg_mf1": 0.7151400187530261
}