{
  "name": "picks_500",
  "n_extra": 500,
  "train_n": 5500,
  "best_val_avg_mf1": 0.7327724342023512,
  "final_val_avg_mf1": 0.7094418881141183,
  "final_per_mf1": {
    "weather": 0.6228251310672764,
    "scene": 0.7015708317156416,
    "timeofday": 0.8039297015594372
  },
  "prf": {
    "weather": {
      "class": [
        "clear",
        "overcast",
        "rainy",
        "snowy",
        "foggy",
        "partly cloudy"
      ],
      "precision": [
        0.8636363636363636,
        0.6491228070175439,
        0.875,
        0.9666666666666667,
        0.0,
        0.7254901960784313
      ],
      "recall": [
        0.95,
        0.74,
        0.56,
        0.58,
        0.0,
        0.74
      ],
      "f1": [
        0.9047619047619048,
        0.6915887850467289,
        0.6829268292682927,
        0.725,
        0.0,
        0.7326732673267327
      ],
      "support": [
        300,
        50,
        50,
        50,
        0,
        50
      ]
    },
    "scene": {
      "class": [
        "city street",
        "highway",
        "residential"
      ],
      "precision": [
        0.8138801261829653,
        0.75,
        0.574468085106383
      ],
      "recall": [
        0.8431372549019608,
        0.723404255319149,
        0.5094339622641509
      ],
      "f1": [
        0.8282504012841091,
        0.7364620938628159,
        0.54
      ],
      "support": [
        306,
        141,
        53
      ]
    },
    "timeofday": {
      "class": [
        "daytime",
        "night",
        "dawn/dusk"
      ],
      "precision": [
        0.9465020576131687,
        0.9746835443037974,
        0.55
      ],
      "recall": [
        0.9504132231404959,
        0.9956896551724138,
        0.4230769230769231
      ],
      "f1": [
        0.9484536082474226,
        0.9850746268656716,
        0.4782608695652174
      ],
      "support": [
        242,
        232,
        26
      ]
    }
  }
}