{
  "name": "sampler-joint",
  "stem": "level3_sampler_joint",
  "loss": "plain",
  "sampler": "joint",
  "aug": "basic",
  "best_val_avg_mf1": 0.719486220200306,
  "best_epoch": 22,
  "final_val_avg_mf1": 0.719486220200306,
  "final_per_mf1": {
    "weather": 0.6304784402913394,
    "scene": 0.7082257841814142,
    "timeofday": 0.8197544361281642
  },
  "prf": {
    "weather": {
      "class": [
        "clear",
        "overcast",
        "rainy",
        "snowy",
        "foggy",
        "partly cloudy"
      ],
      "precision": [
        0.8674698795180723,
        0.6551724137931034,
        0.8285714285714286,
        0.967741935483871,
        0.0,
        0.7954545454545454
      ],
      "recall": [
        0.96,
        0.76,
        0.58,
        0.6,
        0.0,
        0.7
      ],
      "f1": [
        0.9113924050632911,
        0.7037037037037037,
        0.6823529411764706,
        0.7407407407407407,
        0.0,
        0.7446808510638298
      ],
      "support": [
        300,
        50,
        50,
        50,
        0,
        50
      ]
    },
    "scene": {
      "class": [
        "city street",
        "highway",
        "residential"
      ],
      "precision": [
        0.7935103244837758,
        0.768595041322314,
        0.675
      ],
      "recall": [
        0.8790849673202614,
        0.6595744680851063,
        0.5094339622641509
      ],
      "f1": [
        0.834108527131783,
        0.7099236641221374,
        0.5806451612903226
      ],
      "support": [
        306,
        141,
        53
      ]
    },
    "timeofday": {
      "class": [
        "daytime",
        "night",
        "dawn/dusk"
      ],
      "precision": [
        0.9545454545454546,
        0.9705882352941176,
        0.6
      ],
      "recall": [
        0.9545454545454546,
        0.9956896551724138,
        0.46153846153846156
      ],
      "f1": [
        0.9545454545454546,
        0.9829787234042553,
        0.5217391304347826
      ],
      "support": [
        242,
        232,
        26
      ]
    }
  },
  "last_epoch_avg_mf1": 0.7116421039978049
}